NAMA SEKOLAH;ALAMAT EMAIL;
SMA BATIK 1 SKA;smaba1_solo@yahoo.com;
SMA REGINA PACIS (URSULIN);smareginapacissolo@gmail.com;
SMK 3 SURAKARTA;admin@smkn3ska.sch.id;smkn3ska@yahoo.co.id
SMA AL AZHAR SYIFA BUDI;admin@smaasbsolo.sch.id;
SMA WARGA SKA;sma.warga@yahoo.com;
SMK BATIK 1 SKA;smkbatik1ska@gmail.com;
SMK BATIK 2 SKA;smkbatik2ska@gmail.com;
SMP WIDYA WACANA 1 SKA;smpwidyawacana1ska@gmail.com;
SMP KANISIUS 1 SKA;kansas_schule@yahoo.com;
SMP BATIK 1 SKA;info@smpbatikska.sch.id;
SMP AL ABIDIN SKA;smp.alabidin@gmail.com;
SMP MUH 5 SKA;smpmuh5ska@gmail.com;
SMP 1 SKA;smp1ska@yahoo.com;
SMP 24 SKA;smpn24solo@gmail.com;smp24.surakarta@gmail.com
SMP MUH 2 SKA;info@smpmuh2ska.sch.id;
SMP ISLAM DIPONEGORO SKA;smp.diponegoro@ypid.or.id;
SMA ISLAM DIPONEGORO SKA;sma.diponegoro@ypid.or.id;
SD ISLAM DIPONEGORO;sd.diponegoro@ypid.or.id;
SMP 13 SKA;admin@smpn13ska.sch.id;
SMP 21 SKA;smpn21solo@gmail.com;
SMP 6 SKA;smp6s@yahoo.com;
SMA AL ISLAM 1 SKA;sma_islam_1@yahoo.com;
SMA MTA SKA;info@smamta-ska.sch.id;
SMK 1 SKA;smk1slo@yahoo.co.id;
SMK GRAFIKA SKA;smkgrafika@ymail.com;
SMK KASATRIYAN;smk_kasatriyan_surakarta@yahoo.co.id;
SMP AL IRSYAD SKA;smpalirsyad_solo@yahoo.com;
SMP KASATRIYAN 1 SKA;smpkasatriyan1ska@gmail.com;
SMP KALAM KUDUS SKA;smp@kalamkudussolo.sch.id;
SMP MARSUDIRINI SKA;smpmarsudirini_theresia@yahoo.com;
SMP MUH 1 SKA;simpon01@yahoo.co.id;
SMP 11 SKA;smpn11surakarta@gmail.com;
SMA AL MUAYYAD SKA;sma.almuayyad@gmail.com;
SMA BATIK 2 SKA;smabatik2@yahoo.co.id;
SMA YOSEF SKA;styosef@pangudiluhur.org;
SMA SANTO PAULUS SKA;toposusilo.80@gmail.com;
SMK 4 SKA;smkn4solo@gmail.com;
SMK 5 SKA;info@smkn5solo.net;
SMK 6 SKA;smk6solo@gmail.com;
SMK 7 SKA;smkn7surakarta@gmail.com;
SMK AL ISLAM;smk_alislamska@yahoo.com;
SMK JAYAWISATA;jayawisata.solo@gmail.com;
SMK MIKAEL;smkmikael@gmail.com;
SMK MUH 4 SKA;smkmuh4ska@gmail.com;
SMK MURNI 1 SKA;smkmurni1solo@yahoo.com;
SMK MURNI 2 SKA;smk.mn2@gmail.com;
SMK PANCASILA SKA;smkpancasilaska@gmail.com;
SMK SANTO PAULUS SKA;smksantopaulus@yahoo.com;
SMP AL MUAYAD SKA;almuayyadsmp@gmail.com;
SMP MUH 10 SKA;muh10ska@gmail.com;
SMP 2 SKA;smpnegeri2surakarta@gmail.com;
SMP 12 SKA;smpn12surakarta@gmail.com;
SMP 15 SKA;smplibelska@gmail.com;
SMP 25 SKA;smpn25.ska@gmail.com;
SMP 27 SKA;smpn27ska@yahoo.com;
SMP 3 SKA;smp3surakarta@gmail.com;
SMP 9 SKA;smpn9ska@gmail.com;
SMP REGINA PACIS (URSULIN);smpreginapacis@Yahoo.co.id;
SMP TA'MIRUL ISLAM SKA;sta39mirulislam@yahoo.com;
SMA 7 SKA;sman7slo@gmail.com;
SMA KRISTEN 1 SKA;smakristen1surakarta@yahoo.co.id;
SMK ANALIS KESEHATAN NASIO;smkaknasional.ska@gmail.com;
SMK FARMASI NASIONAL;smf_nasional@yahoo.com;
SMK MUH 1 SKA;smk_muh1ska@yahoo.com;
SMP AL ISLAM 1 SKA;dapospalsa@gmail.com;
SMP DARUSSALAM;darussalamska.smp@gmail.com;
SMP ISLAM BAKTI 1;nucky7494@yahoo.co.id;
SMP KANISIUS 2 SKA;smpkansdasolo@gmail.com;
SMP KRISTEN 5 SKA;smp.krisma@yahoo.com;
SMP MUH 6 SKA;smpmuhenamska@yahoo.co.id;
SMP MUH 8 SKA;smpm8ska@gmail.com;
SMP 19 SKA;smpn19ska@gmail.com;
SMP 22 SKA;smpn22_ska@yahoo.co.id;
SMP WIDYA WACANA 2 SKA;smpwidyawacana2@yahoo.co.id;
SMA BINA WIDYA SKA;smabinawidyasolo@gmail.com;
SMA 3 SKA;kepsek@sman3-slo.sch.id;
SMA 8 SKA;sman8solo@gmail.com;
SMA WIDYA WACANA SKA;sma_widyawacanasolo@yahoo.com;
SMA MUH 3 SKA;smamuhtigasolo@ymail.com;
SMA PELITA NUSANTARA SKA;info@pelitanusantarakasih.sch.id;
SMA TRI PUSAKA;smatripusaka@ymail.com;
SMKN 8 SKA;smkn8_surakarta@yahoo.com;
SMK COKROAMINOTO 1 SKA;cokroaminoto.smk1@gmail.com;
SMK COKROAMINOTO 2 SKA;cokroaminoto2@yahoo.co.id;
SMK 45 SKA;smkkeperawatan45@gmail.com;
SMK KRISTEN 1 SKA;smkkristen1solo@yahoo.com;
SMK KRISTEN SMSK SKA;SMKKristenSurakarta@gmail.com;
SMK WARGA SKA;operatorsmkwarga@gmail.com;
SMP ADVENT SKA;sekolahadvent.surakarta@gmail.com;
SMP DHARMA PANCASILA SKA;dharmapancasila@yahoo.co.id;
SMP KRISTEN 3 SKA;smpkristen3@gmail.com;
SMP MODERN ISLAMIC SCHOOL;smpmisska@gmail.com;
SMP MUH 7 SKA;smpmuh7ska@gmail.com;
SMP 13 SKA;smp_negeri13_surakarta@yahoo.co.id;
SMP 14 SKA;smpn14_solo@yahoo.com;
SMP 16 SKA;smp16ska@yahoo.co.id;
SMP 20 SKA;smpn20solo@gmail.com;
SMP 21 SKA;smpn21solo@gmail.com;
SMP 26 SKA;smpnemlikursolo@gmail.com;
SMP 5 SKA;smp5solo@gmail.com;
SMP 8 SKA;smpn8ska@yahoo.co.id;
SMP WARGA SKA;smpwargasolo@yahoo.co.id;
SMA 1 SKA;SURAT@SMAN1-SLO.SCH.ID;
SMA 1 SKA;smada@sman2solo.sch.id;
SMA 4 SKA;mail@smaracatur.sch.id;
SMA 5 SKA;sma5ska@yahoo.com;
SMA 6 SKA;info@sman6surakarta.sch.id;
SMA KRISTEN 2 SKA;sma_kristen_dua@yahoo.com;
SMA MUH 2 SKA;smamuh2ska@gmail.com;
SMA MUH 6 SKA;smamuh6ska@gmail.com;
SMA 17 SKA;tujuhbelas_sma@yahoo.co.id;
SMA YOSODIPURO;sma_yosodipurosolo@yahoo.com;
SMK MANDALA BHAKTI;smkkmandalabhakti@gmail.com;
SMKN 2 SOLO;info@smkn2solo.sch.id;
SMK 9 SKA;info@smkn9-solo.sch.id;
SMK BK SKA;smkbksolo@yahoo.co.id;
SMK BINA MANDIRI INDONESIA;smk_bimaska@yahoo.co.id;
SMK IT SMART INFORMATIKA;smk@smkitsi.sch.id;
SMK KANISIUS SKA;smkkanslo@yahoo.com;
SMK KRISTEN 2 SKA;smk2kr_solo@yahoo.co.id;
SMK KRISTEN MARGOYUDAN;smkkristenmgy@yahoo.co.id;
SMK MARSUDIRINI MARGANINGSIH;marsudirini_smksolo@yahoo.com;
SMK MUH 2 SKA;smkmuhduaska@ymail.com;
SMK MUH 3 SKA;smkmuh3ska@yahoo.co.id;
SMK MUH 5 SKA;smkmuh5ska@yahoo.co.id;
SMK PGRI 1 SKA;smkpgri1_slo@yahoo.co.id;
SMK PGRI 2 SKA;smkpgri2solo@gmail.com;
SMK PURNAMA SKA;smkpu12n4ma@yahoo.com;
SMK SAHID SKA;smksahid@yahoo.co.id;
SMK TEKNO SA SKA;info@smkteknosa.sch.id;
SMK TUNAS PEMBANGUNAN 2 SKA;smktp2ska@yahoo.com;
SMK TUNAS PEMBANGUNAN 3 SKA;smktp3ska@yahoo.com;
SMK WIJAYA KUSUMA SKA;wkusumaska@gmail.com;
SMP AL AZHAR SYIFA BUDI SKA;admin@smpasbsolo.sch.id;
SMP BUDI UTOMO;smp.bu.ska@gmail.com;
SMP FOCUS INDEPENDENT SCHOOL;fis@fis.sch.id;
SMP KRISTEN 1 SKA;smpkristen1ska@gmail.com;
SMP LAZUARDI KAMILA SKA;smp.lazkam@gmail.com;
SMP MUH 2 SKA;smpmuh2ska1@gmail.com;
SMP MUH 4 SKA;smpmuh4ska@gmail.com;
SMP 10 SKA;spedoska@gmail.com;
SMP 17 SKA;smpnegeri17ska@gmail.com;
SMP 18 SKA;smpdelaska@gmail.com;
SMP 23 SKA;smpn23ska@yahoo.co.id;
SMP 4 SKA;info@smpn4solo.sch.id;
SMP 7 SKA;smpntujuhska@yahoo.com;
SMP PGRI 1;smppgri1surakarta@gmail.com;
SMP BINTANG LAUT;smpplbl@gmail.com;
SMP PURNAMA 2 SKA;smppurnama02@gmail.com;
SMP YOSODIPURO;hasan_efendi29@yahoo.com;
SMPIT NUR HIDAYAH SKA;smpitnhsurakarta@gmail.com;
SMTK INTHEOS SKA;smtk@sttintheos.ac.id;
